Auto-update on Sat May 24 02:18:07 UTC 2025
Auto-update on Sun May 25 03:37:28 UTC 2025
Auto-update on Mon May 26 03:35:21 UTC 2025
Auto-update on Tue May 27 03:31:02 UTC 2025
Auto-update on Wed May 28 03:32:34 UTC 2025
Auto-update on Thu May 29 03:33:35 UTC 2025
Auto-update on Fri May 30 03:31:49 UTC 2025
Auto-update on Sat May 31 03:29:47 UTC 2025
Auto-update on Sun Jun  1 03:52:27 UTC 2025
Auto-update on Mon Jun  2 03:41:38 UTC 2025
Auto-update on Tue Jun  3 03:35:45 UTC 2025
Auto-update on Wed Jun  4 03:36:18 UTC 2025
Auto-update on Thu Jun  5 03:36:57 UTC 2025
Auto-update on Fri Jun  6 03:36:05 UTC 2025
Auto-update on Sat Jun  7 03:32:42 UTC 2025
Auto-update on Sun Jun  8 03:41:55 UTC 2025
Auto-update on Mon Jun  9 03:42:05 UTC 2025
Auto-update on Tue Jun 10 03:37:58 UTC 2025
Auto-update on Wed Jun 11 03:37:30 UTC 2025
Auto-update on Thu Jun 12 03:36:27 UTC 2025
Auto-update on Fri Jun 13 03:37:38 UTC 2025
Auto-update on Sat Jun 14 03:31:57 UTC 2025
Auto-update on Sun Jun 15 03:42:07 UTC 2025
Auto-update on Mon Jun 16 03:42:52 UTC 2025
Auto-update on Tue Jun 17 03:37:33 UTC 2025
Auto-update on Wed Jun 18 03:37:16 UTC 2025
Auto-update on Thu Jun 19 03:37:40 UTC 2025
Auto-update on Fri Jun 20 03:36:39 UTC 2025
Auto-update on Sat Jun 21 03:33:06 UTC 2025
Auto-update on Sun Jun 22 03:43:36 UTC 2025
Auto-update on Mon Jun 23 03:46:04 UTC 2025
Auto-update on Tue Jun 24 01:49:09 UTC 2025
Auto-update on Wed Jun 25 01:49:16 UTC 2025
Auto-update on Thu Jun 26 01:48:13 UTC 2025
Auto-update on Fri Jun 27 01:49:21 UTC 2025
Auto-update on Sat Jun 28 01:45:13 UTC 2025
Auto-update on Sun Jun 29 01:58:53 UTC 2025
Auto-update on Mon Jun 30 01:54:11 UTC 2025
Auto-update on Tue Jul  1 01:59:47 UTC 2025
Auto-update on Wed Jul  2 01:48:44 UTC 2025
Auto-update on Thu Jul  3 01:49:04 UTC 2025
Auto-update on Fri Jul  4 01:48:49 UTC 2025
Auto-update on Sat Jul  5 01:44:46 UTC 2025
Auto-update on Sun Jul  6 01:56:59 UTC 2025
Auto-update on Mon Jul  7 01:54:33 UTC 2025
Auto-update on Tue Jul  8 01:49:40 UTC 2025
Auto-update on Wed Jul  9 01:50:58 UTC 2025
Auto-update on Thu Jul 10 01:51:04 UTC 2025
Auto-update on Fri Jul 11 01:53:13 UTC 2025
Auto-update on Sat Jul 12 01:54:17 UTC 2025
Auto-update on Sun Jul 13 02:02:19 UTC 2025
Auto-update on Mon Jul 14 01:57:33 UTC 2025
Auto-update on Tue Jul 15 01:57:44 UTC 2025
Auto-update on Wed Jul 16 01:54:36 UTC 2025
Auto-update on Thu Jul 17 01:54:58 UTC 2025
Auto-update on Fri Jul 18 01:56:41 UTC 2025
Auto-update on Sat Jul 19 01:50:54 UTC 2025
Auto-update on Sun Jul 20 02:03:54 UTC 2025
Auto-update on Mon Jul 21 02:01:07 UTC 2025
Auto-update on Tue Jul 22 01:55:37 UTC 2025
Auto-update on Wed Jul 23 01:56:26 UTC 2025
Auto-update on Thu Jul 24 01:55:34 UTC 2025
Auto-update on Fri Jul 25 01:55:19 UTC 2025
Auto-update on Sat Jul 26 01:52:02 UTC 2025
Auto-update on Sun Jul 27 02:04:30 UTC 2025
Auto-update on Mon Jul 28 02:02:29 UTC 2025
Auto-update on Tue Jul 29 02:07:49 UTC 2025
Auto-update on Wed Jul 30 01:58:13 UTC 2025
Auto-update on Thu Jul 31 01:57:54 UTC 2025
Auto-update on Fri Aug  1 02:08:03 UTC 2025
Auto-update on Sat Aug  2 01:52:24 UTC 2025
Auto-update on Sun Aug  3 02:06:16 UTC 2025
Auto-update on Mon Aug  4 02:06:14 UTC 2025
Auto-update on Tue Aug  5 02:00:59 UTC 2025
Auto-update on Wed Aug  6 01:59:05 UTC 2025
Auto-update on Thu Aug  7 01:59:26 UTC 2025
Auto-update on Fri Aug  8 01:58:49 UTC 2025
Auto-update on Sat Aug  9 01:48:27 UTC 2025
Auto-update on Sun Aug 10 02:02:37 UTC 2025
Auto-update on Mon Aug 11 01:59:07 UTC 2025
Auto-update on Tue Aug 12 01:47:32 UTC 2025
Auto-update on Wed Aug 13 01:49:38 UTC 2025
Auto-update on Thu Aug 14 01:49:50 UTC 2025
Auto-update on Fri Aug 15 01:50:25 UTC 2025
Auto-update on Sat Aug 16 01:44:59 UTC 2025
Auto-update on Sun Aug 17 01:55:53 UTC 2025
Auto-update on Mon Aug 18 01:56:29 UTC 2025
Auto-update on Tue Aug 19 01:44:10 UTC 2025
Auto-update on Wed Aug 20 01:42:36 UTC 2025
Auto-update on Thu Aug 21 01:41:38 UTC 2025
Auto-update on Fri Aug 22 01:42:05 UTC 2025
Auto-update on Sat Aug 23 01:38:52 UTC 2025
Auto-update on Sun Aug 24 01:51:50 UTC 2025
Auto-update on Mon Aug 25 01:46:39 UTC 2025
Auto-update on Tue Aug 26 01:42:48 UTC 2025
Auto-update on Wed Aug 27 01:39:55 UTC 2025
Auto-update on Thu Aug 28 01:39:25 UTC 2025
Auto-update on Fri Aug 29 01:39:23 UTC 2025
Auto-update on Sat Aug 30 01:26:43 UTC 2025
Auto-update on Sun Aug 31 01:44:02 UTC 2025
Auto-update on Mon Sep  1 01:53:24 UTC 2025
Auto-update on Tue Sep  2 01:40:54 UTC 2025
Auto-update on Wed Sep  3 01:26:44 UTC 2025
Auto-update on Thu Sep  4 01:26:44 UTC 2025
Auto-update on Fri Sep  5 01:37:08 UTC 2025
Auto-update on Sat Sep  6 01:26:47 UTC 2025
Auto-update on Sun Sep  7 01:41:55 UTC 2025
Auto-update on Mon Sep  8 01:41:54 UTC 2025
Auto-update on Tue Sep  9 01:38:39 UTC 2025
Auto-update on Wed Sep 10 01:27:45 UTC 2025
Auto-update on Thu Sep 11 01:37:36 UTC 2025
Auto-update on Fri Sep 12 01:26:25 UTC 2025
Auto-update on Sat Sep 13 01:23:06 UTC 2025
Auto-update on Sun Sep 14 01:41:30 UTC 2025
Auto-update on Mon Sep 15 01:42:50 UTC 2025
Auto-update on Tue Sep 16 01:27:18 UTC 2025
Auto-update on Wed Sep 17 01:27:29 UTC 2025
Auto-update on Thu Sep 18 01:27:21 UTC 2025
Auto-update on Fri Sep 19 01:37:46 UTC 2025
Auto-update on Sat Sep 20 01:25:59 UTC 2025
Auto-update on Sun Sep 21 01:44:20 UTC 2025
Auto-update on Mon Sep 22 01:44:25 UTC 2025
Auto-update on Tue Sep 23 01:35:44 UTC 2025
Auto-update on Wed Sep 24 01:37:05 UTC 2025
Auto-update on Thu Sep 25 01:37:45 UTC 2025
Auto-update on Fri Sep 26 01:37:04 UTC 2025
Auto-update on Sat Sep 27 01:25:43 UTC 2025
Auto-update on Sun Sep 28 01:45:05 UTC 2025
Auto-update on Mon Sep 29 01:39:50 UTC 2025
Auto-update on Tue Sep 30 01:35:04 UTC 2025
Auto-update on Wed Oct  1 01:46:45 UTC 2025
Auto-update on Thu Oct  2 01:27:31 UTC 2025
Auto-update on Fri Oct  3 01:27:22 UTC 2025
Auto-update on Sat Oct  4 01:24:51 UTC 2025
Auto-update on Sun Oct  5 01:44:17 UTC 2025
Auto-update on Mon Oct  6 01:38:14 UTC 2025
Auto-update on Tue Oct  7 01:36:12 UTC 2025
Auto-update on Wed Oct  8 01:36:32 UTC 2025
Auto-update on Thu Oct  9 01:36:59 UTC 2025
Auto-update on Fri Oct 10 01:37:37 UTC 2025
Auto-update on Sat Oct 11 01:25:56 UTC 2025
Auto-update on Sun Oct 12 01:40:31 UTC 2025
Auto-update on Mon Oct 13 01:43:32 UTC 2025
Auto-update on Tue Oct 14 01:37:01 UTC 2025
Auto-update on Wed Oct 15 01:40:22 UTC 2025
Auto-update on Thu Oct 16 01:39:24 UTC 2025
Auto-update on Fri Oct 17 01:38:16 UTC 2025
Auto-update on Sat Oct 18 01:26:19 UTC 2025
Auto-update on Sun Oct 19 01:49:10 UTC 2025
Auto-update on Mon Oct 20 01:46:36 UTC 2025
Auto-update on Tue Oct 21 01:40:55 UTC 2025
Auto-update on Wed Oct 22 01:44:14 UTC 2025
Auto-update on Thu Oct 23 01:40:06 UTC 2025
Auto-update on Fri Oct 24 01:36:17 UTC 2025
Auto-update on Sat Oct 25 01:37:43 UTC 2025
Auto-update on Sun Oct 26 01:45:46 UTC 2025
Auto-update on Mon Oct 27 01:49:32 UTC 2025
Auto-update on Tue Oct 28 01:39:48 UTC 2025
Auto-update on Wed Oct 29 01:46:22 UTC 2025
Auto-update on Thu Oct 30 01:45:43 UTC 2025
Auto-update on Fri Oct 31 01:42:35 UTC 2025
Auto-update on Sat Nov  1 01:46:10 UTC 2025
Auto-update on Sun Nov  2 01:48:05 UTC 2025
Auto-update on Mon Nov  3 01:47:41 UTC 2025
Auto-update on Tue Nov  4 01:43:38 UTC 2025
Auto-update on Wed Nov  5 01:44:33 UTC 2025
Auto-update on Thu Nov  6 01:44:31 UTC 2025
Auto-update on Fri Nov  7 01:43:32 UTC 2025
Auto-update on Sat Nov  8 01:38:00 UTC 2025
Auto-update on Sun Nov  9 01:47:09 UTC 2025
Auto-update on Mon Nov 10 01:48:34 UTC 2025
Auto-update on Tue Nov 11 01:45:14 UTC 2025
Auto-update on Wed Nov 12 01:44:39 UTC 2025
Auto-update on Thu Nov 13 01:45:50 UTC 2025
Auto-update on Fri Nov 14 01:45:11 UTC 2025
Auto-update on Sat Nov 15 01:41:14 UTC 2025
Auto-update on Sun Nov 16 01:49:53 UTC 2025
Auto-update on Mon Nov 17 01:46:00 UTC 2025
Auto-update on Tue Nov 18 01:43:58 UTC 2025
Auto-update on Wed Nov 19 01:44:25 UTC 2025
Auto-update on Thu Nov 20 01:42:45 UTC 2025
Auto-update on Fri Nov 21 01:43:55 UTC 2025
Auto-update on Sat Nov 22 01:40:09 UTC 2025
Auto-update on Sun Nov 23 01:57:15 UTC 2025
Auto-update on Mon Nov 24 01:51:43 UTC 2025
Auto-update on Tue Nov 25 01:45:40 UTC 2025
Auto-update on Wed Nov 26 01:45:12 UTC 2025
Auto-update on Thu Nov 27 01:43:40 UTC 2025
Auto-update on Fri Nov 28 01:43:34 UTC 2025
Auto-update on Sat Nov 29 01:42:59 UTC 2025
Auto-update on Sun Nov 30 01:56:07 UTC 2025
Auto-update on Mon Dec  1 02:03:38 UTC 2025
Auto-update on Tue Dec  2 01:47:41 UTC 2025
Auto-update on Wed Dec  3 01:47:12 UTC 2025
Auto-update on Thu Dec  4 01:48:19 UTC 2025
Auto-update on Fri Dec  5 01:48:34 UTC 2025
Auto-update on Sat Dec  6 01:42:13 UTC 2025
Auto-update on Sun Dec  7 01:56:33 UTC 2025
Auto-update on Mon Dec  8 01:49:11 UTC 2025
Auto-update on Tue Dec  9 01:48:34 UTC 2025
Auto-update on Wed Dec 10 01:50:12 UTC 2025
Auto-update on Thu Dec 11 01:51:53 UTC 2025
Auto-update on Fri Dec 12 01:50:36 UTC 2025
Auto-update on Sat Dec 13 01:45:03 UTC 2025
Auto-update on Sun Dec 14 01:57:11 UTC 2025
Auto-update on Mon Dec 15 01:54:43 UTC 2025
Auto-update on Tue Dec 16 01:51:33 UTC 2025
Auto-update on Wed Dec 17 01:47:07 UTC 2025
Auto-update on Thu Dec 18 01:47:26 UTC 2025
Auto-update on Fri Dec 19 01:50:38 UTC 2025
Auto-update on Sat Dec 20 01:45:04 UTC 2025
Auto-update on Sun Dec 21 01:56:51 UTC 2025
Auto-update on Mon Dec 22 01:56:32 UTC 2025
Auto-update on Tue Dec 23 01:51:49 UTC 2025
Auto-update on Wed Dec 24 01:50:10 UTC 2025
Auto-update on Thu Dec 25 01:52:08 UTC 2025
Auto-update on Fri Dec 26 01:51:31 UTC 2025
Auto-update on Sat Dec 27 01:49:15 UTC 2025
Auto-update on Sun Dec 28 02:02:32 UTC 2025
Auto-update on Mon Dec 29 02:00:51 UTC 2025
Auto-update on Tue Dec 30 01:52:44 UTC 2025
Auto-update on Wed Dec 31 01:53:02 UTC 2025
Auto-update on Thu Jan  1 02:03:10 UTC 2026
Auto-update on Fri Jan  2 01:54:34 UTC 2026
Auto-update on Sat Jan  3 01:48:11 UTC 2026
Auto-update on Sun Jan  4 02:04:24 UTC 2026
Auto-update on Mon Jan  5 02:04:15 UTC 2026
Auto-update on Tue Jan  6 01:54:24 UTC 2026
Auto-update on Wed Jan  7 01:54:14 UTC 2026
Auto-update on Thu Jan  8 01:54:26 UTC 2026
Auto-update on Fri Jan  9 01:55:43 UTC 2026
Auto-update on Sat Jan 10 01:51:23 UTC 2026
Auto-update on Sun Jan 11 02:04:07 UTC 2026
Auto-update on Mon Jan 12 02:00:22 UTC 2026
Auto-update on Tue Jan 13 01:51:53 UTC 2026
Auto-update on Wed Jan 14 01:59:19 UTC 2026
Auto-update on Thu Jan 15 01:54:20 UTC 2026
Auto-update on Fri Jan 16 01:55:54 UTC 2026
Auto-update on Sat Jan 17 01:50:19 UTC 2026
Auto-update on Sun Jan 18 02:02:44 UTC 2026
Auto-update on Mon Jan 19 02:00:58 UTC 2026
Auto-update on Tue Jan 20 01:55:49 UTC 2026
